{"metadata":{"asset_id":"ee6a9ef5-0974-42b0-85cc-86e01760a69a","asset_attributes":["notebook"],"name":"EDA with visualization","asset_type":"notebook","created_at":"2022-11-29T08:11:38Z","description":"","origin_country":"us","owner_id":"IBMid-6680004Y6L","project_id":"562ae5c0-96fd-4490-b3f7-438226856491","size":254537,"tags":["notebook"],"usage":{"last_update_time":1669712204422,"last_updated_at":"2022-11-29T08:56:44Z"}},"entity":{"notebook":{"kernel":{"name":"python3","display_name":"Python 3.10","language":"python"},"originates_from":{"type":"blank"},"runtime":{"environment":"rt222pys1-562ae5c0-96fd-4490-b3f7-438226856491"}}},"attachments":[{"id":"fcd563f9-81e1-4289-8970-db48c98af510","version":2,"asset_type":"notebook","name":"attachment for notebook ee6a9ef5-0974-42b0-85cc-86e01760a69a","description":"attachment for notebook ee6a9ef5-0974-42b0-85cc-86e01760a69a","mime":"application/json","datasource_type":"193a97c1-4475-4a19-b90c-295c4fdc6517","object_key":"notebook/EDA_with_visualization_7r5yqehD6.ipynb","creator_id":"IBMid-6680004Y6L","create_time":1669709499061,"size":254537,"is_remote":false,"is_managed":false,"is_referenced":true,"is_object_key_read_only":false,"is_user_provided_path_key":true,"transfer_complete":true,"is_partitioned":false,"complete_time_ticks":1669709499061,"user_data":{},"test_doc":0,"handle":{"bucket":"pythonbasicfordatascienceproject-donotdelete-pr-u03mopmun3fcur","location":"eu-geo","type":"bluemix_cos","key":"notebook/EDA_with_visualization_7r5yqehD6.ipynb","upload_id":"done","max_part_num":1},"usage":{"access_count":13,"last_accessor_id":"IBMid-6680004Y6L","last_access_time":1669712204420,"last_updater_id":"IBMid-6680004Y6L","last_update_time":1669712204420}}]}
