{"metadata":{"asset_id":"9b1e138e-bce5-4c37-9db4-7f8a5f6f7b74","asset_attributes":["notebook"],"name":"Data Science Capstone","asset_type":"notebook","created_at":"2022-11-28T07:59:14Z","description":"","origin_country":"us","owner_id":"IBMid-6680004Y6L","project_id":"562ae5c0-96fd-4490-b3f7-438226856491","size":501170,"tags":["notebook"],"usage":{"last_update_time":1669631584551,"last_updated_at":"2022-11-28T10:33:04Z"}},"entity":{"notebook":{"kernel":{"name":"python3","display_name":"Python 3.10","language":"python"},"originates_from":{"type":"blank"},"runtime":{"environment":"rt222pys1-562ae5c0-96fd-4490-b3f7-438226856491"}}},"attachments":[{"id":"f88ee477-64d2-4de6-b167-d5138d7b6f27","version":2,"asset_type":"notebook","name":"attachment for notebook 9b1e138e-bce5-4c37-9db4-7f8a5f6f7b74","description":"attachment for notebook 9b1e138e-bce5-4c37-9db4-7f8a5f6f7b74","mime":"application/json","datasource_type":"193a97c1-4475-4a19-b90c-295c4fdc6517","object_key":"notebook/Data_Science_Capstone_AFrCuOfUu.ipynb","creator_id":"IBMid-6680004Y6L","create_time":1669622355156,"size":501170,"is_remote":false,"is_managed":false,"is_referenced":true,"is_object_key_read_only":false,"is_user_provided_path_key":true,"transfer_complete":true,"is_partitioned":false,"complete_time_ticks":1669622355156,"user_data":{},"test_doc":0,"handle":{"bucket":"pythonbasicfordatascienceproject-donotdelete-pr-u03mopmun3fcur","location":"eu-geo","type":"bluemix_cos","key":"notebook/Data_Science_Capstone_AFrCuOfUu.ipynb","upload_id":"done","max_part_num":1},"usage":{"access_count":29,"last_accessor_id":"IBMid-6680004Y6L","last_access_time":1669631584550,"last_updater_id":"IBMid-6680004Y6L","last_update_time":1669631584550}}]}
