{"metadata":{"asset_id":"cb45aa30-7272-424b-8045-32c19db6496c","asset_attributes":["notebook"],"name":"Data Collection with Web Scrapping","asset_type":"notebook","created_at":"2022-11-28T10:38:12Z","description":"","origin_country":"us","owner_id":"IBMid-6680004Y6L","project_id":"562ae5c0-96fd-4490-b3f7-438226856491","size":39394,"tags":["notebook"],"usage":{"last_update_time":1669634502047,"last_updated_at":"2022-11-28T11:21:42Z"}},"entity":{"notebook":{"kernel":{"name":"python3","display_name":"Python 3.10","language":"python"},"originates_from":{"type":"blank"},"runtime":{"environment":"rt222pys1-562ae5c0-96fd-4490-b3f7-438226856491"}}},"attachments":[{"id":"5fa7e876-35eb-418c-ad4e-b15f31418165","version":2,"asset_type":"notebook","name":"attachment for notebook cb45aa30-7272-424b-8045-32c19db6496c","description":"attachment for notebook cb45aa30-7272-424b-8045-32c19db6496c","mime":"application/json","datasource_type":"193a97c1-4475-4a19-b90c-295c4fdc6517","object_key":"notebook/Data_Collection_with_Web_Scrapping_BtZLNl47f.ipynb","creator_id":"IBMid-6680004Y6L","create_time":1669631892986,"size":39394,"is_remote":false,"is_managed":false,"is_referenced":true,"is_object_key_read_only":false,"is_user_provided_path_key":true,"transfer_complete":true,"is_partitioned":false,"complete_time_ticks":1669631892986,"user_data":{},"test_doc":0,"handle":{"bucket":"pythonbasicfordatascienceproject-donotdelete-pr-u03mopmun3fcur","location":"eu-geo","type":"bluemix_cos","key":"notebook/Data_Collection_with_Web_Scrapping_BtZLNl47f.ipynb","upload_id":"done","max_part_num":1},"usage":{"access_count":10,"last_accessor_id":"IBMid-6680004Y6L","last_access_time":1669634502046,"last_updater_id":"IBMid-6680004Y6L","last_update_time":1669634502046}}]}
