{"metadata":{"asset_id":"c0a3f8d2-59fc-46ed-9486-bf38112fe1f8","asset_attributes":["notebook"],"name":"Interactive Map","asset_type":"notebook","created_at":"2022-11-29T09:09:52Z","description":"","origin_country":"us","owner_id":"IBMid-6680004Y6L","project_id":"562ae5c0-96fd-4490-b3f7-438226856491","size":28217,"tags":["notebook"],"usage":{"last_update_time":1669713722234,"last_updated_at":"2022-11-29T09:22:02Z"}},"entity":{"notebook":{"kernel":{"name":"python3","display_name":"Python 3.10","language":"python"},"originates_from":{"type":"blank"},"runtime":{"environment":"rt222pys1-562ae5c0-96fd-4490-b3f7-438226856491"}}},"attachments":[{"id":"9cf967a2-8871-45d0-bd6a-a5cfb718bfb3","version":2,"asset_type":"notebook","name":"attachment for notebook c0a3f8d2-59fc-46ed-9486-bf38112fe1f8","description":"attachment for notebook c0a3f8d2-59fc-46ed-9486-bf38112fe1f8","mime":"application/json","datasource_type":"193a97c1-4475-4a19-b90c-295c4fdc6517","object_key":"notebook/Interactive_Map_CmCyYUBo8.ipynb","creator_id":"IBMid-6680004Y6L","create_time":1669712992852,"size":28217,"is_remote":false,"is_managed":false,"is_referenced":true,"is_object_key_read_only":false,"is_user_provided_path_key":true,"transfer_complete":true,"is_partitioned":false,"complete_time_ticks":1669712992852,"user_data":{},"test_doc":0,"handle":{"bucket":"pythonbasicfordatascienceproject-donotdelete-pr-u03mopmun3fcur","location":"eu-geo","type":"bluemix_cos","key":"notebook/Interactive_Map_CmCyYUBo8.ipynb","upload_id":"done","max_part_num":1},"usage":{"access_count":5,"last_accessor_id":"IBMid-6680004Y6L","last_access_time":1669713722231,"last_updater_id":"IBMid-6680004Y6L","last_update_time":1669713722231}}]}
