{"metadata":{"asset_id":"47136fb4-6f95-4a0c-ac87-241cc5e21b38","asset_attributes":["notebook"],"name":"Machine Learning","asset_type":"notebook","created_at":"2022-11-29T10:08:39Z","description":"","origin_country":"us","owner_id":"IBMid-6680004Y6L","project_id":"562ae5c0-96fd-4490-b3f7-438226856491","size":80319,"tags":["notebook"],"usage":{"last_update_time":1669718786763,"last_updated_at":"2022-11-29T10:46:26Z"}},"entity":{"notebook":{"kernel":{"name":"python3","display_name":"Python 3.9","language":"python"},"originates_from":{"type":"blank"},"runtime":{"environment":"conda2rt221-562ae5c0-96fd-4490-b3f7-438226856491"}}},"attachments":[{"id":"d2267251-4053-405c-9ea3-2cb2d6b03dc8","version":2,"asset_type":"notebook","name":"attachment for notebook 47136fb4-6f95-4a0c-ac87-241cc5e21b38","description":"attachment for notebook 47136fb4-6f95-4a0c-ac87-241cc5e21b38","mime":"application/json","datasource_type":"193a97c1-4475-4a19-b90c-295c4fdc6517","object_key":"notebook/Machine_Learning_Gxql-6pK1.ipynb","creator_id":"IBMid-6680004Y6L","create_time":1669716519679,"size":80319,"is_remote":false,"is_managed":false,"is_referenced":true,"is_object_key_read_only":false,"is_user_provided_path_key":true,"transfer_complete":true,"is_partitioned":false,"complete_time_ticks":1669716519679,"user_data":{},"test_doc":0,"handle":{"bucket":"pythonbasicfordatascienceproject-donotdelete-pr-u03mopmun3fcur","location":"eu-geo","type":"bluemix_cos","key":"notebook/Machine_Learning_Gxql-6pK1.ipynb","upload_id":"done","max_part_num":1},"usage":{"access_count":13,"last_accessor_id":"IBMid-6680004Y6L","last_access_time":1669718786762,"last_updater_id":"IBMid-6680004Y6L","last_update_time":1669718786762}}]}
