{"metadata":{"asset_id":"fa31546d-787a-476f-9d46-3abb3e27764f","asset_attributes":["notebook"],"name":"EDA with SQL","asset_type":"notebook","created_at":"2022-11-29T07:40:11Z","description":"","origin_country":"us","owner_id":"IBMid-6680004Y6L","project_id":"562ae5c0-96fd-4490-b3f7-438226856491","size":11775,"tags":["notebook"],"usage":{"last_update_time":1669707772902,"last_updated_at":"2022-11-29T07:42:52Z"}},"entity":{"notebook":{"kernel":{"name":"python3","display_name":"Python 3.10","language":"python"},"originates_from":{"type":"blank"},"runtime":{"environment":"rt222pys1-562ae5c0-96fd-4490-b3f7-438226856491"}}},"attachments":[{"id":"079e45c8-424c-4082-89b9-585b0d99a3d7","version":2,"asset_type":"notebook","name":"attachment for notebook fa31546d-787a-476f-9d46-3abb3e27764f","description":"attachment for notebook fa31546d-787a-476f-9d46-3abb3e27764f","mime":"application/json","datasource_type":"193a97c1-4475-4a19-b90c-295c4fdc6517","object_key":"notebook/EDA_with_SQL_CDRhMh7zr.ipynb","creator_id":"IBMid-6680004Y6L","create_time":1669707613069,"size":11775,"is_remote":false,"is_managed":false,"is_referenced":true,"is_object_key_read_only":false,"is_user_provided_path_key":true,"transfer_complete":true,"is_partitioned":false,"complete_time_ticks":1669707613069,"user_data":{},"test_doc":0,"handle":{"bucket":"pythonbasicfordatascienceproject-donotdelete-pr-u03mopmun3fcur","location":"eu-geo","type":"bluemix_cos","key":"notebook/EDA_with_SQL_CDRhMh7zr.ipynb","upload_id":"done","max_part_num":1},"usage":{"access_count":1,"last_accessor_id":"IBMid-6680004Y6L","last_access_time":1669707772901,"last_updater_id":"IBMid-6680004Y6L","last_update_time":1669707772901}}]}
