{"metadata":{"asset_id":"0968ed1f-7115-4280-ba13-e956e3ca64f0","asset_attributes":["notebook"],"name":"Data Wrangling","asset_type":"notebook","created_at":"2022-11-28T11:43:07Z","description":"","origin_country":"us","owner_id":"IBMid-6680004Y6L","project_id":"562ae5c0-96fd-4490-b3f7-438226856491","size":27467,"tags":["notebook"],"usage":{"last_update_time":1669637479807,"last_updated_at":"2022-11-28T12:11:19Z"}},"entity":{"notebook":{"kernel":{"name":"python3","display_name":"Python 3.10","language":"python"},"originates_from":{"type":"blank"},"runtime":{"environment":"rt222pys1-562ae5c0-96fd-4490-b3f7-438226856491"}}},"attachments":[{"id":"99d9fc61-26cd-4007-b89f-2f9be7de9dfb","version":2,"asset_type":"notebook","name":"attachment for notebook 0968ed1f-7115-4280-ba13-e956e3ca64f0","description":"attachment for notebook 0968ed1f-7115-4280-ba13-e956e3ca64f0","mime":"application/json","datasource_type":"193a97c1-4475-4a19-b90c-295c4fdc6517","object_key":"notebook/Data_Wrangling_o-lLvxiqf.ipynb","creator_id":"IBMid-6680004Y6L","create_time":1669635787918,"size":27467,"is_remote":false,"is_managed":false,"is_referenced":true,"is_object_key_read_only":false,"is_user_provided_path_key":true,"transfer_complete":true,"is_partitioned":false,"complete_time_ticks":1669635787918,"user_data":{},"test_doc":0,"handle":{"bucket":"pythonbasicfordatascienceproject-donotdelete-pr-u03mopmun3fcur","location":"eu-geo","type":"bluemix_cos","key":"notebook/Data_Wrangling_o-lLvxiqf.ipynb","upload_id":"done","max_part_num":1},"usage":{"access_count":6,"last_accessor_id":"IBMid-6680004Y6L","last_access_time":1669637479802,"last_updater_id":"IBMid-6680004Y6L","last_update_time":1669637479802}}]}
